Workbook

Sheet Leyenda
A1: Radar de permanencia · Seguimiento del burndown
A3: Cómo usar: en cada hoja de sprint, escriba en las celdas AMARILLAS los puntos aceptados ACUMULADOS en la fecha (solo historias que cumplen la Definition of Done y fueron revisadas por otro integrante).
A4: Deje en blanco los días sin registro: el trabajo restante real solo se calcula donde hay dato; nunca se inventa.
A5: Texto azul = dato ingresado. Texto negro = fórmula. No edite las columnas de fórmula.
A6: Trabajo restante = puntos comprometidos − puntos aceptados. Línea ideal: lineal en días hábiles, de los puntos comprometidos a 0.
A7: Datos precargados: Jira SCRUM, 27-oct-2026: hasta esa fecha ninguna historia había cambiado de estado; tras actualizar el tablero, Sprint 1 (22 pts) y Sprint 2 (21 pts) en Finalizado.
A8: Cronograma oficial: documento técnico, sección 15.2. Sprint 0 (21-sep a 5-oct) no tiene puntos. Backlog condicionado HU-05 y HU-10 (6 pts) no se compromete.
A9: Festivos de Colombia no descontados (2-nov y 16-nov de 2026 son festivos): ajústelos si el equipo no trabaja esos días.

Sheet Resumen
A1: Sprint | B1: Inicio | C1: Fin | D1: Puntos comprometidos | E1: Puntos aceptados (último registro) | F1: Puntos pendientes | G1: Variación vs. ideal (pts) | H1: Estado
A2: Sprint 1 | B2: 2026-10-06 | C2: 2026-10-19 | D2: =Sprint_1!B2 -> 22 | E2: =IF(COUNT(Sprint_1!C6:C40)=0,"Sin registros",LOOKUP(2,1/(Sprint_1!C6:C40<>""),Sprint_1!C6:C40)) -> 0 | F2: =IF(ISNUMBER(E2),D2-E2,"—") -> 22 | G2: =IF(ISNUMBER(E2),E2-(D2-LOOKUP(2,1/(Sprint_1!C6:C40<>""),Sprint_1!B6:B40)),"—") -> -22 | H2: =IF(ISNUMBER(G2),IF(G2<-1,"Atrasado",IF(G2>1,"Adelantado","Al día")),"Sin datos") -> Atrasado
A3: Sprint 2 | B3: 2026-10-20 | C3: 2026-11-02 | D3: =Sprint_2!B2 -> 21 | E3: =IF(COUNT(Sprint_2!C6:C40)=0,"Sin registros",LOOKUP(2,1/(Sprint_2!C6:C40<>""),Sprint_2!C6:C40)) -> 21 | F3: =IF(ISNUMBER(E3),D3-E3,"—") -> 0 | G3: =IF(ISNUMBER(E3),E3-(D3-LOOKUP(2,1/(Sprint_2!C6:C40<>""),Sprint_2!B6:B40)),"—") -> 9.33 | H3: =IF(ISNUMBER(G3),IF(G3<-1,"Atrasado",IF(G3>1,"Adelantado","Al día")),"Sin datos") -> Adelantado
A4: Sprint 3 | B4: 2026-11-03 | C4: 2026-11-16 | D4: =Sprint_3!B2 -> 26 | E4: =IF(COUNT(Sprint_3!C6:C40)=0,"Sin registros",LOOKUP(2,1/(Sprint_3!C6:C40<>""),Sprint_3!C6:C40)) -> Sin registros | F4: =IF(ISNUMBER(E4),D4-E4,"—") -> — | G4: =IF(ISNUMBER(E4),E4-(D4-LOOKUP(2,1/(Sprint_3!C6:C40<>""),Sprint_3!B6:B40)),"—") -> — | H4: =IF(ISNUMBER(G4),IF(G4<-1,"Atrasado",IF(G4>1,"Adelantado","Al día")),"Sin datos") -> Sin datos
A5: Proyecto (Sprints 1 a 3) | B5: 2026-10-06 | C5: 2026-11-16 | D5: =Proyecto!B2 -> 69 | E5: =IF(COUNT(Proyecto!C6:C40)=0,"Sin registros",LOOKUP(2,1/(Proyecto!C6:C40<>""),Proyecto!C6:C40)) -> 43 | F5: =IF(ISNUMBER(E5),D5-E5,"—") -> 26 | G5: =IF(ISNUMBER(E5),E5-(D5-LOOKUP(2,1/(Proyecto!C6:C40<>""),Proyecto!B6:B40)),"—") -> 7.31 | H5: =IF(ISNUMBER(G5),IF(G5<-1,"Atrasado",IF(G5>1,"Adelantado","Al día")),"Sin datos") -> Adelantado
A7: Backlog condicionado (HU-05, HU-10) | D7: 6 | H7: No comprometido
A9: Variación = aceptados − puntos que la línea ideal esperaba completados en la fecha del último registro. Negativo = atrasado.

Sheet Sprint_1
A1: Sprint 1
A2: Puntos comprometidos | B2: 22 | C2: Fuente: documento técnico, sec. 15.2
A3: Período: 2026-10-06 a 2026-10-19 (días hábiles)
A5: Fecha | B5: Línea ideal (pts pendientes) | C5: Puntos aceptados acumulados (ingresar) | D5: Trabajo restante real | E5: Fuente del registro
A6: 46301 | B6: =ROUND($B$2*(1-0/9),2) -> 22 | C6: 0 | D6: =IF(C6="","",$B$2-C6) -> 22 | E6: Jira SCRUM, 27-oct-2026: hasta esa fecha ninguna historia había cambiado de estado; tras actualizar el tablero, Sprint 1 (22 pts) y Sprint 2 (21 pts) en Finalizado
A7: 46302 | B7: =ROUND($B$2*(1-1/9),2) -> 19.56 | D7: =IF(C7="","",$B$2-C7)
A8: 46303 | B8: =ROUND($B$2*(1-2/9),2) -> 17.11 | D8: =IF(C8="","",$B$2-C8)
A9: 46304 | B9: =ROUND($B$2*(1-3/9),2) -> 14.67 | D9: =IF(C9="","",$B$2-C9)
A10: 46307 | B10: =ROUND($B$2*(1-4/9),2) -> 12.22 | D10: =IF(C10="","",$B$2-C10)
A11: 46308 | B11: =ROUND($B$2*(1-5/9),2) -> 9.78 | D11: =IF(C11="","",$B$2-C11)
A12: 46309 | B12: =ROUND($B$2*(1-6/9),2) -> 7.33 | D12: =IF(C12="","",$B$2-C12)
A13: 46310 | B13: =ROUND($B$2*(1-7/9),2) -> 4.89 | D13: =IF(C13="","",$B$2-C13)
A14: 46311 | B14: =ROUND($B$2*(1-8/9),2) -> 2.44 | D14: =IF(C14="","",$B$2-C14)
A15: 46314 | B15: =ROUND($B$2*(1-9/9),2) -> 0 | C15: 0 | D15: =IF(C15="","",$B$2-C15) -> 22 | E15: Jira SCRUM, 27-oct-2026: hasta esa fecha ninguna historia había cambiado de estado; tras actualizar el tablero, Sprint 1 (22 pts) y Sprint 2 (21 pts) en Finalizado
A17: El gráfico de esta hoja muestra la línea ideal; la línea real con sus registros está en burndown_*.png y en el prototipo (Seguimiento › Burndown). Las celdas vacías de «Trabajo restante real» indican días sin registro.

Sheet Sprint_2
A1: Sprint 2
A2: Puntos comprometidos | B2: 21 | C2: Fuente: documento técnico, sec. 15.2
A3: Período: 2026-10-20 a 2026-11-02 (días hábiles)
A5: Fecha | B5: Línea ideal (pts pendientes) | C5: Puntos aceptados acumulados (ingresar) | D5: Trabajo restante real | E5: Fuente del registro
A6: 46315 | B6: =ROUND($B$2*(1-0/9),2) -> 21 | C6: 0 | D6: =IF(C6="","",$B$2-C6) -> 21 | E6: Jira SCRUM, 27-oct-2026: hasta esa fecha ninguna historia había cambiado de estado; tras actualizar el tablero, Sprint 1 (22 pts) y Sprint 2 (21 pts) en Finalizado
A7: 46316 | B7: =ROUND($B$2*(1-1/9),2) -> 18.67 | D7: =IF(C7="","",$B$2-C7)
A8: 46317 | B8: =ROUND($B$2*(1-2/9),2) -> 16.33 | D8: =IF(C8="","",$B$2-C8)
A9: 46318 | B9: =ROUND($B$2*(1-3/9),2) -> 14 | D9: =IF(C9="","",$B$2-C9)
A10: 46321 | B10: =ROUND($B$2*(1-4/9),2) -> 11.67 | C10: 0 | D10: =IF(C10="","",$B$2-C10) -> 21 | E10: Jira SCRUM, 27-oct-2026: hasta esa fecha ninguna historia había cambiado de estado; tras actualizar el tablero, Sprint 1 (22 pts) y Sprint 2 (21 pts) en Finalizado
A11: 46322 | B11: =ROUND($B$2*(1-5/9),2) -> 9.33 | C11: 21 | D11: =IF(C11="","",$B$2-C11) -> 0 | E11: Jira SCRUM, 27-oct-2026: hasta esa fecha ninguna historia había cambiado de estado; tras actualizar el tablero, Sprint 1 (22 pts) y Sprint 2 (21 pts) en Finalizado
A12: 46323 | B12: =ROUND($B$2*(1-6/9),2) -> 7 | D12: =IF(C12="","",$B$2-C12)
A13: 46324 | B13: =ROUND($B$2*(1-7/9),2) -> 4.67 | D13: =IF(C13="","",$B$2-C13)
A14: 46325 | B14: =ROUND($B$2*(1-8/9),2) -> 2.33 | D14: =IF(C14="","",$B$2-C14)
A15: 46328 | B15: =ROUND($B$2*(1-9/9),2) -> 0 | D15: =IF(C15="","",$B$2-C15)
A17: El gráfico de esta hoja muestra la línea ideal; la línea real con sus registros está en burndown_*.png y en el prototipo (Seguimiento › Burndown). Las celdas vacías de «Trabajo restante real» indican días sin registro.

Sheet Sprint_3
A1: Sprint 3
A2: Puntos comprometidos | B2: 26 | C2: Fuente: documento técnico, sec. 15.2
A3: Período: 2026-11-03 a 2026-11-16 (días hábiles)
A5: Fecha | B5: Línea ideal (pts pendientes) | C5: Puntos aceptados acumulados (ingresar) | D5: Trabajo restante real | E5: Fuente del registro
A6: 46329 | B6: =ROUND($B$2*(1-0/9),2) -> 26 | D6: =IF(C6="","",$B$2-C6)
A7: 46330 | B7: =ROUND($B$2*(1-1/9),2) -> 23.11 | D7: =IF(C7="","",$B$2-C7)
A8: 46331 | B8: =ROUND($B$2*(1-2/9),2) -> 20.22 | D8: =IF(C8="","",$B$2-C8)
A9: 46332 | B9: =ROUND($B$2*(1-3/9),2) -> 17.33 | D9: =IF(C9="","",$B$2-C9)
A10: 46335 | B10: =ROUND($B$2*(1-4/9),2) -> 14.44 | D10: =IF(C10="","",$B$2-C10)
A11: 46336 | B11: =ROUND($B$2*(1-5/9),2) -> 11.56 | D11: =IF(C11="","",$B$2-C11)
A12: 46337 | B12: =ROUND($B$2*(1-6/9),2) -> 8.67 | D12: =IF(C12="","",$B$2-C12)
A13: 46338 | B13: =ROUND($B$2*(1-7/9),2) -> 5.78 | D13: =IF(C13="","",$B$2-C13)
A14: 46339 | B14: =ROUND($B$2*(1-8/9),2) -> 2.89 | D14: =IF(C14="","",$B$2-C14)
A15: 46342 | B15: =ROUND($B$2*(1-9/9),2) -> 0 | D15: =IF(C15="","",$B$2-C15)
A17: El gráfico de esta hoja muestra la línea ideal; la línea real con sus registros está en burndown_*.png y en el prototipo (Seguimiento › Burndown). Las celdas vacías de «Trabajo restante real» indican días sin registro.

Sheet Proyecto
A1: Proyecto (Sprints 1 a 3)
A2: Puntos comprometidos | B2: 69 | C2: Fuente: documento técnico, sec. 15.2
A3: Período: 2026-10-06 a 2026-11-16 (días hábiles)
A5: Fecha | B5: Línea ideal (pts pendientes) | C5: Puntos aceptados acumulados (ingresar) | D5: Trabajo restante real | E5: Fuente del registro
A6: 46301 | B6: =ROUND($B$2*(1-0/29),2) -> 69 | C6: 0 | D6: =IF(C6="","",$B$2-C6) -> 69 | E6: Jira SCRUM, 27-oct-2026: hasta esa fecha ninguna historia había cambiado de estado; tras actualizar el tablero, Sprint 1 (22 pts) y Sprint 2 (21 pts) en Finalizado
A7: 46302 | B7: =ROUND($B$2*(1-1/29),2) -> 66.62 | D7: =IF(C7="","",$B$2-C7)
A8: 46303 | B8: =ROUND($B$2*(1-2/29),2) -> 64.24 | D8: =IF(C8="","",$B$2-C8)
A9: 46304 | B9: =ROUND($B$2*(1-3/29),2) -> 61.86 | D9: =IF(C9="","",$B$2-C9)
A10: 46307 | B10: =ROUND($B$2*(1-4/29),2) -> 59.48 | D10: =IF(C10="","",$B$2-C10)
A11: 46308 | B11: =ROUND($B$2*(1-5/29),2) -> 57.1 | D11: =IF(C11="","",$B$2-C11)
A12: 46309 | B12: =ROUND($B$2*(1-6/29),2) -> 54.72 | D12: =IF(C12="","",$B$2-C12)
A13: 46310 | B13: =ROUND($B$2*(1-7/29),2) -> 52.34 | D13: =IF(C13="","",$B$2-C13)
A14: 46311 | B14: =ROUND($B$2*(1-8/29),2) -> 49.97 | D14: =IF(C14="","",$B$2-C14)
A15: 46314 | B15: =ROUND($B$2*(1-9/29),2) -> 47.59 | C15: 0 | D15: =IF(C15="","",$B$2-C15) -> 69 | E15: Jira SCRUM, 27-oct-2026: hasta esa fecha ninguna historia había cambiado de estado; tras actualizar el tablero, Sprint 1 (22 pts) y Sprint 2 (21 pts) en Finalizado
A16: 46315 | B16: =ROUND($B$2*(1-10/29),2) -> 45.21 | D16: =IF(C16="","",$B$2-C16)
A17: 46316 | B17: =ROUND($B$2*(1-11/29),2) -> 42.83 | D17: =IF(C17="","",$B$2-C17)
A18: 46317 | B18: =ROUND($B$2*(1-12/29),2) -> 40.45 | D18: =IF(C18="","",$B$2-C18)
A19: 46318 | B19: =ROUND($B$2*(1-13/29),2) -> 38.07 | D19: =IF(C19="","",$B$2-C19)
A20: 46321 | B20: =ROUND($B$2*(1-14/29),2) -> 35.69 | C20: 0 | D20: =IF(C20="","",$B$2-C20) -> 69 | E20: Jira SCRUM, 27-oct-2026: hasta esa fecha ninguna historia había cambiado de estado; tras actualizar el tablero, Sprint 1 (22 pts) y Sprint 2 (21 pts) en Finalizado
A21: 46322 | B21: =ROUND($B$2*(1-15/29),2) -> 33.31 | C21: 43 | D21: =IF(C21="","",$B$2-C21) -> 26 | E21: Jira SCRUM, 27-oct-2026: hasta esa fecha ninguna historia había cambiado de estado; tras actualizar el tablero, Sprint 1 (22 pts) y Sprint 2 (21 pts) en Finalizado
A22: 46323 | B22: =ROUND($B$2*(1-16/29),2) -> 30.93 | D22: =IF(C22="","",$B$2-C22)
A23: 46324 | B23: =ROUND($B$2*(1-17/29),2) -> 28.55 | D23: =IF(C23="","",$B$2-C23)
A24: 46325 | B24: =ROUND($B$2*(1-18/29),2) -> 26.17 | D24: =IF(C24="","",$B$2-C24)
A25: 46328 | B25: =ROUND($B$2*(1-19/29),2) -> 23.79 | D25: =IF(C25="","",$B$2-C25)
A26: 46329 | B26: =ROUND($B$2*(1-20/29),2) -> 21.41 | D26: =IF(C26="","",$B$2-C26)
A27: 46330 | B27: =ROUND($B$2*(1-21/29),2) -> 19.03 | D27: =IF(C27="","",$B$2-C27)
A28: 46331 | B28: =ROUND($B$2*(1-22/29),2) -> 16.66 | D28: =IF(C28="","",$B$2-C28)
A29: 46332 | B29: =ROUND($B$2*(1-23/29),2) -> 14.28 | D29: =IF(C29="","",$B$2-C29)
A30: 46335 | B30: =ROUND($B$2*(1-24/29),2) -> 11.9 | D30: =IF(C30="","",$B$2-C30)
A31: 46336 | B31: =ROUND($B$2*(1-25/29),2) -> 9.52 | D31: =IF(C31="","",$B$2-C31)
A32: 46337 | B32: =ROUND($B$2*(1-26/29),2) -> 7.14 | D32: =IF(C32="","",$B$2-C32)
A33: 46338 | B33: =ROUND($B$2*(1-27/29),2) -> 4.76 | D33: =IF(C33="","",$B$2-C33)
A34: 46339 | B34: =ROUND($B$2*(1-28/29),2) -> 2.38 | D34: =IF(C34="","",$B$2-C34)
A35: 46342 | B35: =ROUND($B$2*(1-29/29),2) -> 0 | D35: =IF(C35="","",$B$2-C35)
A37: El gráfico de esta hoja muestra la línea ideal; la línea real con sus registros está en burndown_*.png y en el prototipo (Seguimiento › Burndown). Las celdas vacías de «Trabajo restante real» indican días sin registro.

Sheet Historias
A1: HU | B1: Historia | C1: Sprint (documento) | D1: Puntos | E1: Ítem Jira | F1: Sprint en Jira | G1: Estado en Jira (27-oct-2026, tras actualizar) | H1: Aceptada según DoD (Sí/No)
A2: HU-01 | B2: Información unificada y confiable | C2: Sprint 1 | D2: 8 | E2: SCRUM-6 | F2: Sprint 1 - Datos y panorama | G2: Finalizado | H2: Sí
A3: HU-02 | B3: Definición única de renuncia temprana | C3: Sprint 1 | D3: 3 | E3: SCRUM-7 | F3: Sprint 1 - Datos y panorama | G3: Finalizado | H3: Sí
A4: HU-03 | B4: Evolución de la rotación temprana | C4: Sprint 1 | D4: 5 | E4: SCRUM-8 | F4: Sprint 1 - Datos y panorama | G4: Finalizado | H4: Sí
A5: HU-04 | B5: Mes crítico de renuncia | C5: Sprint 1 | D5: 3 | E5: SCRUM-53 | F5: Sprint 1 - Datos y panorama | G5: Finalizado | H5: Sí
A6: HU-06 | B6: Filtrar el dashboard | C6: Sprint 1 | D6: 3 | E6: SCRUM-22 | F6: Sprint 1 - Datos y panorama | G6: Finalizado | H6: Sí
A7: HU-07 | B7: Retención por supervisor | C7: Sprint 2 | D7: 3 | E7: SCRUM-10 | F7: Sprint 2 - Causas | G7: Finalizado | H7: Sí
A8: HU-08 | B8: Pruebas técnicas y permanencia | C8: Sprint 2 | D8: 3 | E8: SCRUM-9 | F8: Sprint 2 - Causas | G8: Finalizado | H8: Sí
A9: HU-09 | B9: Perfiles con mayor rotación | C9: Sprint 2 | D9: 5 | E9: SCRUM-47 | F9: Sprint 2 - Causas | G9: Finalizado | H9: Sí
A10: HU-11 | B10: Resumen de causas y recomendaciones | C10: Sprint 2 | D10: 5 | E10: SCRUM-23 | F10: Sprint 2 - Causas | G10: Finalizado | H10: Sí
A11: — | B11: Dataset del modelo (puntos derivados 21 − 16) | C11: Sprint 2 | D11: 5 | E11: SCRUM-54 | F11: Sprint 2 - Causas | G11: Finalizado | H11: Sí
A12: HU-12 | B12: Semáforo de riesgo del candidato | C12: Sprint 3 | D12: 8 | E12: SCRUM-21 | F12: SCRUM Sprint 3 | G12: En revisión | H12: No
A13: HU-13 | B13: Explicación del riesgo | C13: Sprint 3 | D13: 5 | E13: SCRUM-52 | F13: SCRUM Sprint 3 | G13: En revisión | H13: No
... A16: HU-16 | B16: Protección de datos personales | C16: Sprint 3 | D16: 3 | E16: SCRUM-51 | F16: SCRUM Sprint 3 | G16: En revisión | H16: No
A17: HU-05 | B17: Costo de la rotación temprana | C17: Backlog condicionado | D17: 3 | E17: SCRUM-46 | G17: En revisión | H17: No
A18: HU-10 | B18: Motivos declarados de renuncia | C18: Backlog condicionado | D18: 3 | E18: SCRUM-48 | G18: En revisión | H18: No
C20: Total comprometido Sprints 1-3 | D20: =SUMIFS(D2:D18,C2:C18,"Sprint*") -> 69
C21: Aceptados (Sí) | D21: =SUMIFS(D2:D18,C2:C18,"Sprint*",H2:H18,"Sí") -> 43
