Workbook

Sheet Leyenda
A1: Radar de permanencia · Métricas DORA
A3: Registre en la hoja «Registro» cada cambio que llegue a un DESPLIEGUE: publicación de una versión utilizable por el cliente en su entorno de uso.
A4: No cuentan como despliegue: un commit, un merge, una entrega académica ni una demo local.
A5: Inicio del cambio = fecha y hora del primer commit del cambio. Despliegue = fecha y hora en que la versión queda disponible.
A6: Fallo = el despliegue requirió corrección, reversión o intervención urgente. Recuperación = momento en que se verificó que el servicio volvió a funcionar.
A7: Celdas AMARILLAS / texto azul = ingresar. Texto negro = fórmula. La hoja «Resultados» se recalcula sola.
A8: Estado al 27-oct-2026: sin entorno productivo ni despliegues registrados → «Sin despliegues medidos».
A9: La hoja «Ejemplo demostrativo» usa datos inventados solo para mostrar las fórmulas; no son resultados del proyecto.

Sheet Registro
A1: ID | B1: Cambio / ítem Jira | C1: Inicio del cambio (primer commit) | D1: Despliegue | E1: Exitoso (Sí/No) | F1: Provocó fallo (Sí/No) | G1: Inicio del incidente | H1: Recuperación verificada | I1: Tiempo de entrega (h) | J1: Tiempo de recuperación (h)
I2: =IF(AND(ISNUMBER(C2),ISNUMBER(D2),E2="Sí"),(D2-C2)*24,"") | J2: =IF(AND(F2="Sí",ISNUMBER(G2),ISNUMBER(H2)),(H2-G2)*24,"")
I3: =IF(AND(ISNUMBER(C3),ISNUMBER(D3),E3="Sí"),(D3-C3)*24,"") | J3: =IF(AND(F3="Sí",ISNUMBER(G3),ISNUMBER(H3)),(H3-G3)*24,"")
I4: =IF(AND(ISNUMBER(C4),ISNUMBER(D4),E4="Sí"),(D4-C4)*24,"") | J4: =IF(AND(F4="Sí",ISNUMBER(G4),ISNUMBER(H4)),(H4-G4)*24,"")
I5: =IF(AND(ISNUMBER(C5),ISNUMBER(D5),E5="Sí"),(D5-C5)*24,"") | J5: =IF(AND(F5="Sí",ISNUMBER(G5),ISNUMBER(H5)),(H5-G5)*24,"")
I6: =IF(AND(ISNUMBER(C6),ISNUMBER(D6),E6="Sí"),(D6-C6)*24,"") | J6: =IF(AND(F6="Sí",ISNUMBER(G6),ISNUMBER(H6)),(H6-G6)*24,"")
I7: =IF(AND(ISNUMBER(C7),ISNUMBER(D7),E7="Sí"),(D7-C7)*24,"") | J7: =IF(AND(F7="Sí",ISNUMBER(G7),ISNUMBER(H7)),(H7-G7)*24,"")
I8: =IF(AND(ISNUMBER(C8),ISNUMBER(D8),E8="Sí"),(D8-C8)*24,"") | J8: =IF(AND(F8="Sí",ISNUMBER(G8),ISNUMBER(H8)),(H8-G8)*24,"")
I9: =IF(AND(ISNUMBER(C9),ISNUMBER(D9),E9="Sí"),(D9-C9)*24,"") | J9: =IF(AND(F9="Sí",ISNUMBER(G9),ISNUMBER(H9)),(H9-G9)*24,"")
I10: =IF(AND(ISNUMBER(C10),ISNUMBER(D10),E10="Sí"),(D10-C10)*24,"") | J10: =IF(AND(F10="Sí",ISNUMBER(G10),ISNUMBER(H10)),(H10-G10)*24,"")
I11: =IF(AND(ISNUMBER(C11),ISNUMBER(D11),E11="Sí"),(D11-C11)*24,"") | J11: =IF(AND(F11="Sí",ISNUMBER(G11),ISNUMBER(H11)),(H11-G11)*24,"")
I12: =IF(AND(ISNUMBER(C12),ISNUMBER(D12),E12="Sí"),(D12-C12)*24,"") | J12: =IF(AND(F12="Sí",ISNUMBER(G12),ISNUMBER(H12)),(H12-G12)*24,"")
I13: =IF(AND(ISNUMBER(C13),ISNUMBER(D13),E13="Sí"),(D13-C13)*24,"") | J13: =IF(AND(F13="Sí",ISNUMBER(G13),ISNUMBER(H13)),(H13-G13)*24,"")
... I51: =IF(AND(ISNUMBER(C51),ISNUMBER(D51),E51="Sí"),(D51-C51)*24,"") | J51: =IF(AND(F51="Sí",ISNUMBER(G51),ISNUMBER(H51)),(H51-G51)*24,"")

Sheet Resultados
A1: Inicio del período | B1: 46286
A2: Fin del período | B2: 46342
A3: Semanas observadas | B3: =(B2-B1)/7 -> 8
A4: Despliegues registrados | B4: =COUNT(Registro!D2:D51) -> 0
A5: Despliegues exitosos | B5: =COUNTIFS(Registro!D2:D51,">0",Registro!E2:E51,"Sí") -> 0
A6: Despliegues con fallo | B6: =COUNTIFS(Registro!D2:D51,">0",Registro!F2:F51,"Sí") -> 0
A8: Métrica | B8: Definición | C8: Fórmula | D8: Período observado | E8: Valor | F8: Unidad | G8: Fuente de evidencia | H8: Estado de medición | I8: Interpretación | J8: Acción de mejora
A9: Frecuencia de despliegue | B9: Despliegues exitosos por período | C9: Despliegues exitosos ÷ semanas observadas | D9: =TEXT($B$1,"yyyy-mm-dd")&" a "&TEXT($B$2,"yyyy-mm-dd") -> 2026-09-21 a 2026-11-16 | E9: =IF($B$4=0,"—",$B$5/$B$3) -> — | F9: despliegues/semana | G9: Tags/releases de GitHub y registro de publicaciones | H9: =IF($B$4=0,"Sin despliegues medidos","Medido") -> Sin despliegues medidos | I9: Mayor frecuencia = entregas más pequeñas y menos riesgo | J9: Definir qué cuenta como despliegue y registrar cada publicación
A10: Tiempo de entrega de cambios | B10: Desde el primer commit hasta el despliegue | C10: Promedio(despliegue − primer commit) | D10: =TEXT($B$1,"yyyy-mm-dd")&" a "&TEXT($B$2,"yyyy-mm-dd") -> 2026-09-21 a 2026-11-16 | E10: =IF(COUNT(Registro!I2:I51)=0,"—",AVERAGE(Registro!I2:I51)) -> — | F10: horas | G10: Historial de Git + registro de despliegues | H10: =IF($B$4=0,"Sin despliegues medidos",IF(COUNT(Registro!I2:I51)=0,"Datos insuficientes","Medido")) -> Sin despliegues medidos | I10: Menor = el valor llega antes al cliente | J10: Vincular cada ítem de Jira con su rama o pull request
A11: Tasa de fallos de cambios | B11: % de despliegues que requieren corrección, reversión o intervención urgente | C11: Despliegues con fallo ÷ total de despliegues × 100 | D11: =TEXT($B$1,"yyyy-mm-dd")&" a "&TEXT($B$2,"yyyy-mm-dd") -> 2026-09-21 a 2026-11-16 | E11: =IF($B$4=0,"—",$B$6/$B$4*100) -> — | F11: % | G11: Registro de incidentes vinculado al despliegue | H11: =IF($B$4=0,"Sin despliegues medidos","Medido") -> Sin despliegues medidos | I11: Menor = cambios más confiables | J11: Registrar toda corrección urgente posterior a una publicación
A12: Tiempo de recuperación ante fallos | B12: Desde el inicio del incidente hasta la recuperación verificada | C12: Promedio(recuperación − inicio del incidente) | D12: =TEXT($B$1,"yyyy-mm-dd")&" a "&TEXT($B$2,"yyyy-mm-dd") -> 2026-09-21 a 2026-11-16 | E12: =IF(COUNT(Registro!J2:J51)=0,"—",AVERAGE(Registro!J2:J51)) -> — | F12: horas | G12: Registro de incidentes con hora de detección y verificación | H12: =IF($B$4=0,"Sin despliegues medidos",IF(COUNT(Registro!J2:J51)=0,"Sin fallos registrados","Medido")) -> Sin despliegues medidos | I12: Menor = el equipo restablece el servicio más rápido | J12: Anotar hora de detección y de verificación de cada incidente

Sheet Ejemplo registro
A1: ID | B1: Cambio / ítem Jira | C1: Inicio del cambio (primer commit) | D1: Despliegue | E1: Exitoso (Sí/No) | F1: Provocó fallo (Sí/No) | G1: Inicio del incidente | H1: Recuperación verificada | I1: Tiempo de entrega (h) | J1: Tiempo de recuperación (h)
A2: E1 | B2: Ejemplo: filtros del panorama | C2: 46301.375 | D2: 46303.708 | E2: Sí | F2: No | I2: =IF(AND(ISNUMBER(C2),ISNUMBER(D2),E2="Sí"),(D2-C2)*24,"") -> 56 | J2: =IF(AND(F2="Sí",ISNUMBER(G2),ISNUMBER(H2)),(H2-G2)*24,"")
A3: E2 | B3: Ejemplo: gráfico por supervisor | C3: 46308.375 | D3: 46310.5 | E3: Sí | F3: Sí | G3: 46310.542 | H3: 46310.688 | I3: =IF(AND(ISNUMBER(C3),ISNUMBER(D3),E3="Sí"),(D3-C3)*24,"") -> 51 | J3: =IF(AND(F3="Sí",ISNUMBER(G3),ISNUMBER(H3)),(H3-G3)*24,"") -> 3.5
A4: E3 | B4: Ejemplo: semáforo | C4: 46315.333 | D4: 46318.417 | E4: Sí | F4: No | I4: =IF(AND(ISNUMBER(C4),ISNUMBER(D4),E4="Sí"),(D4-C4)*24,"") -> 74 | J4: =IF(AND(F4="Sí",ISNUMBER(G4),ISNUMBER(H4)),(H4-G4)*24,"")
I5: =IF(AND(ISNUMBER(C5),ISNUMBER(D5),E5="Sí"),(D5-C5)*24,"") | J5: =IF(AND(F5="Sí",ISNUMBER(G5),ISNUMBER(H5)),(H5-G5)*24,"")
I6: =IF(AND(ISNUMBER(C6),ISNUMBER(D6),E6="Sí"),(D6-C6)*24,"") | J6: =IF(AND(F6="Sí",ISNUMBER(G6),ISNUMBER(H6)),(H6-G6)*24,"")
I7: =IF(AND(ISNUMBER(C7),ISNUMBER(D7),E7="Sí"),(D7-C7)*24,"") | J7: =IF(AND(F7="Sí",ISNUMBER(G7),ISNUMBER(H7)),(H7-G7)*24,"")
I8: =IF(AND(ISNUMBER(C8),ISNUMBER(D8),E8="Sí"),(D8-C8)*24,"") | J8: =IF(AND(F8="Sí",ISNUMBER(G8),ISNUMBER(H8)),(H8-G8)*24,"")
I9: =IF(AND(ISNUMBER(C9),ISNUMBER(D9),E9="Sí"),(D9-C9)*24,"") | J9: =IF(AND(F9="Sí",ISNUMBER(G9),ISNUMBER(H9)),(H9-G9)*24,"")
I10: =IF(AND(ISNUMBER(C10),ISNUMBER(D10),E10="Sí"),(D10-C10)*24,"") | J10: =IF(AND(F10="Sí",ISNUMBER(G10),ISNUMBER(H10)),(H10-G10)*24,"")
I11: =IF(AND(ISNUMBER(C11),ISNUMBER(D11),E11="Sí"),(D11-C11)*24,"") | J11: =IF(AND(F11="Sí",ISNUMBER(G11),ISNUMBER(H11)),(H11-G11)*24,"")
I12: =IF(AND(ISNUMBER(C12),ISNUMBER(D12),E12="Sí"),(D12-C12)*24,"") | J12: =IF(AND(F12="Sí",ISNUMBER(G12),ISNUMBER(H12)),(H12-G12)*24,"")
I13: =IF(AND(ISNUMBER(C13),ISNUMBER(D13),E13="Sí"),(D13-C13)*24,"") | J13: =IF(AND(F13="Sí",ISNUMBER(G13),ISNUMBER(H13)),(H13-G13)*24,"")
I14: =IF(AND(ISNUMBER(C14),ISNUMBER(D14),E14="Sí"),(D14-C14)*24,"") | J14: =IF(AND(F14="Sí",ISNUMBER(G14),ISNUMBER(H14)),(H14-G14)*24,"")
I15: =IF(AND(ISNUMBER(C15),ISNUMBER(D15),E15="Sí"),(D15-C15)*24,"") | J15: =IF(AND(F15="Sí",ISNUMBER(G15),ISNUMBER(H15)),(H15-G15)*24,"")
I16: =IF(AND(ISNUMBER(C16),ISNUMBER(D16),E16="Sí"),(D16-C16)*24,"") | J16: =IF(AND(F16="Sí",ISNUMBER(G16),ISNUMBER(H16)),(H16-G16)*24,"")
... I51: =IF(AND(ISNUMBER(C51),ISNUMBER(D51),E51="Sí"),(D51-C51)*24,"") | J51: =IF(AND(F51="Sí",ISNUMBER(G51),ISNUMBER(H51)),(H51-G51)*24,"")

Sheet Ejemplo demostrativo
A1: Inicio del período | B1: 46301
A2: Fin del período | B2: 46321
A3: Semanas observadas | B3: =(B2-B1)/7 -> 2.8571429
A4: Despliegues registrados | B4: =COUNT('Ejemplo registro'!D2:D51) -> 3
A5: Despliegues exitosos | B5: =COUNTIFS('Ejemplo registro'!D2:D51,">0",'Ejemplo registro'!E2:E51,"Sí") -> 3
A6: Despliegues con fallo | B6: =COUNTIFS('Ejemplo registro'!D2:D51,">0",'Ejemplo registro'!F2:F51,"Sí") -> 1
A8: Métrica | B8: Definición | C8: Fórmula | D8: Período observado | E8: Valor | F8: Unidad | G8: Fuente de evidencia | H8: Estado de medición | I8: Interpretación | J8: Acción de mejora
A9: Frecuencia de despliegue | B9: Despliegues exitosos por período | C9: Despliegues exitosos ÷ semanas observadas | D9: =TEXT($B$1,"yyyy-mm-dd")&" a "&TEXT($B$2,"yyyy-mm-dd") -> 2026-10-06 a 2026-10-26 | E9: =IF($B$4=0,"—",$B$5/$B$3) -> 1.05 | F9: despliegues/semana | G9: Tags/releases de GitHub y registro de publicaciones | H9: =IF($B$4=0,"Sin despliegues medidos","Medido") -> Medido | I9: Mayor frecuencia = entregas más pequeñas y menos riesgo | J9: Definir qué cuenta como despliegue y registrar cada publicación
A10: Tiempo de entrega de cambios | B10: Desde el primer commit hasta el despliegue | C10: Promedio(despliegue − primer commit) | D10: =TEXT($B$1,"yyyy-mm-dd")&" a "&TEXT($B$2,"yyyy-mm-dd") -> 2026-10-06 a 2026-10-26 | E10: =IF(COUNT('Ejemplo registro'!I2:I51)=0,"—",AVERAGE('Ejemplo registro'!I2:I51)) -> 60.333333 | F10: horas | G10: Historial de Git + registro de despliegues | H10: =IF($B$4=0,"Sin despliegues medidos",IF(COUNT('Ejemplo registro'!I2:I51)=0,"Datos insuficientes","Medido")) -> Medido | I10: Menor = el valor llega antes al cliente | J10: Vincular cada ítem de Jira con su rama o pull request
A11: Tasa de fallos de cambios | B11: % de despliegues que requieren corrección, reversión o intervención urgente | C11: Despliegues con fallo ÷ total de despliegues × 100 | D11: =TEXT($B$1,"yyyy-mm-dd")&" a "&TEXT($B$2,"yyyy-mm-dd") -> 2026-10-06 a 2026-10-26 | E11: =IF($B$4=0,"—",$B$6/$B$4*100) -> 33.333333 | F11: % | G11: Registro de incidentes vinculado al despliegue | H11: =IF($B$4=0,"Sin despliegues medidos","Medido") -> Medido | I11: Menor = cambios más confiables | J11: Registrar toda corrección urgente posterior a una publicación
A12: Tiempo de recuperación ante fallos | B12: Desde el inicio del incidente hasta la recuperación verificada | C12: Promedio(recuperación − inicio del incidente) | D12: =TEXT($B$1,"yyyy-mm-dd")&" a "&TEXT($B$2,"yyyy-mm-dd") -> 2026-10-06 a 2026-10-26 | E12: =IF(COUNT('Ejemplo registro'!J2:J51)=0,"—",AVERAGE('Ejemplo registro'!J2:J51)) -> 3.5 | F12: horas | G12: Registro de incidentes con hora de detección y verificación | H12: =IF($B$4=0,"Sin despliegues medidos",IF(COUNT('Ejemplo registro'!J2:J51)=0,"Sin fallos registrados","Medido")) -> Medido | I12: Menor = el equipo restablece el servicio más rápido | J12: Anotar hora de detección y de verificación de cada incidente
A14: EJEMPLO DEMOSTRATIVO: valores calculados con datos inventados. No son resultados del proyecto.
